level,pickup_range_mult
1,1.5
2,1.995
3,2.49375
4,2.9925
5,3.980025
